combinacion;intentos
0123;1
0132;3
0213;5
0231;6
0312;7
0321;9
1023;2
1032;2
1203;5
1230;5
1302;7
1320;5
2013;3
2031;6
2103;6
2130;6
2301;3
2310;5
3012;4
3021;8
3102;8
3120;7
3201;4
3210;4
0124;2
0142;4
0214;6
0241;7
0412;8
0421;10
1024;3
1042;4
1204;2
1240;4
1402;5
1420;6
2014;3
2041;3
2104;7
2140;7
2401;5
2410;4
4012;5
4021;9
4102;9
4120;8
4201;6
4210;6
0125;3
0152;5
0215;7
0251;8
0512;9
0521;11
1025;4
1052;5
1205;3
1250;5
1502;6
1520;7
2015;3
2051;4
2105;8
2150;8
2501;6
2510;5
5012;6
5021;10
5102;10
5120;9
5201;7
5210;7
0126;4
0162;6
0216;8
0261;9
0612;10
0621;12
1026;5
1062;6
1206;4
1260;6
1602;7
1620;8
2016;4
2061;5
2106;9
2160;9
2601;7
2610;6
6012;7
6021;11
6102;11
6120;10
6201;8
6210;8
0127;5
0172;7
0217;9
0271;10
0712;11
0721;13
1027;6
1072;7
1207;5
1270;7
1702;8
1720;9
2017;5
2071;6
2107;10
2170;10
2701;8
2710;7
7012;8
7021;12
7102;12
7120;11
7201;9
7210;9
0128;6
0182;8
0218;10
0281;11
0812;12
0821;14
1028;7
1082;8
1208;6
1280;8
1802;9
1820;10
2018;6
2081;7
2108;11
2180;11
2801;9
2810;8
8012;9
8021;13
8102;13
8120;12
8201;10
8210;10
0129;7
0192;9
0219;11
0291;12
0912;13
0921;15
1029;8
1092;9
1209;7
1290;9
1902;10
1920;11
2019;7
2091;8
2109;12
2190;12
2901;10
2910;9
9012;10
9021;14
9102;14
9120;13
9201;11
9210;11
0134;5
0143;7
0314;11
0341;9
0413;10
0431;9
1034;5
1043;5
1304;7
1340;5
1403;7
1430;7
3014;5
3041;7
3104;11
3140;9
3401;7
3410;5
4013;5
4031;6
4103;11
4130;10
4301;6
4310;8
0135;4
0153;4
0315;7
0351;6
0513;10
0531;9
1035;6
1053;7
1305;10
1350;5
1503;7
1530;5
3015;6
3051;4
3105;8
3150;9
3501;7
3510;8
5013;6
5031;5
5103;6
5130;7
5301;8
5310;6
0136;4
0163;6
0316;8
0361;8
0613;11
0631;7
1036;5
1063;5
1306;4
1360;4
1603;6
1630;7
3016;4
3061;4
3106;9
3160;10
3601;7
3610;7
6013;6
6031;5
6103;8
6130;8
6301;8
6310;6
0137;5
0173;7
0317;9
0371;9
0713;11
0731;8
1037;6
1073;6
1307;5
1370;7
1703;7
1730;9
3017;5
3071;6
3107;10
3170;10
3701;8
3710;8
7013;7
7031;7
7103;9
7130;9
7301;9
7310;7
0138;6
0183;8
0318;10
0381;10
0813;12
0831;9
1038;7
1083;7
1308;6
1380;8
1803;8
1830;10
3018;6
3081;7
3108;11
3180;11
3801;9
3810;9
8013;8
8031;8
8103;10
8130;10
8301;10
8310;8
0139;7
0193;9
0319;11
0391;11
0913;13
0931;10
1039;8
1093;8
1309;7
1390;9
1903;9
1930;11
3019;7
3091;8
3109;12
3190;12
3901;10
3910;10
9013;9
9031;9
9103;11
9130;11
9301;11
9310;9
0145;2
0154;4
0415;6
0451;7
0514;8
0541;10
1045;2
1054;7
1405;3
1450;6
1504;4
1540;7
4015;5
4051;4
4105;7
4150;7
4501;3
4510;5
5014;5
5041;7
5104;9
5140;8
5401;4
5410;4
0146;3
0164;5
0416;7
0461;8
0614;9
0641;11
1046;3
1064;8
1406;4
1460;7
1604;5
1640;8
4016;6
4061;5
4106;8
4160;8
4601;4
4610;6
6014;6
6041;8
6104;10
6140;9
6401;5
6410;5
0147;4
0174;6
0417;8
0471;9
0714;10
0741;12
1047;4
1074;9
1407;5
1470;8
1704;6
1740;9
4017;7
4071;6
4107;9
4170;9
4701;5
4710;7
7014;7
7041;9
7104;11
7140;10
7401;6
7410;6
0148;5
0184;7
0418;9
0481;10
0814;11
0841;13
1048;5
1084;10
1408;6
1480;9
1804;7
1840;10
4018;8
4081;7
4108;10
4180;10
4801;6
4810;8
8014;8
8041;10
8104;12
8140;11
8401;7
8410;7
0149;6
0194;8
0419;10
0491;11
0914;12
0941;14
1049;6
1094;11
1409;7
1490;10
1904;8
1940;11
4019;9
4091;8
4109;11
4190;11
4901;7
4910;9
9014;9
9041;11
9104;13
9140;12
9401;8
9410;8
0156;5
0165;7
0516;9
0561;10
0615;11
0651;13
1056;5
1065;10
1506;6
1560;9
1605;7
1650;10
5016;8
5061;7
5106;10
5160;10
5601;5
5610;6
6015;8
6051;10
6105;12
6150;11
6501;7
6510;5
0157;5
0175;5
0517;8
0571;7
0715;11
0751;10
1057;5
1075;9
1507;4
1570;8
1705;6
1750;9
5017;7
5071;5
5107;9
5170;10
5701;6
5710;6
7015;6
7051;8
7105;7
7150;8
7501;6
7510;7
0158;5
0185;7
0518;9
0581;9
0815;11
0851;8
1058;5
1085;10
1508;6
1580;9
1805;7
1850;10
5018;5
5081;6
5108;10
5180;10
5801;7
5810;7
8015;7
8051;9
8105;9
8150;9
8501;7
8510;8
0159;6
0195;8
0519;10
0591;10
0915;12
0951;9
1059;6
1095;11
1509;7
1590;10
1905;8
1950;11
5019;6
5091;7
5109;11
5190;11
5901;8
5910;8
9015;8
9051;10
9105;10
9150;10
9501;8
9510;9
0167;10
0176;8
0617;6
0671;11
0716;12
0761;14
1067;6
1076;10
1607;5
1670;9
1706;7
1760;10
6017;7
6071;6
6107;8
6170;9
6701;7
6710;7
7016;7
7061;7
7106;6
7160;8
7601;8
7610;8
0168;5
0186;7
0618;9
0681;10
0816;11
0861;13
1068;5
1086;10
1608;6
1680;9
1806;7
1860;10
6018;7
6081;7
6108;8
6180;9
6801;7
6810;7
8016;6
8061;6
8106;9
8160;9
8601;8
8610;8
0169;6
0196;8
0619;10
0691;11
0916;12
0961;14
1069;6
1096;11
1609;7
1690;10
1906;8
1960;11
6019;7
6091;7
6109;8
6190;9
6901;7
6910;7
9016;6
9061;6
9106;10
9160;9
9601;8
9610;8
0178;10
0187;9
0718;7
0781;6
0817;6
0871;8
1078;6
1087;10
1708;6
1780;6
1807;7
1870;7
7018;5
7081;7
7108;6
7180;9
7801;5
7810;6
8017;6
8071;8
8107;7
8170;6
8701;6
8710;7
0179;6
0197;8
0719;8
0791;7
0917;8
0971;9
1079;6
1097;11
1709;7
1790;7
1907;8
1970;8
7019;6
7091;8
7109;7
7190;10
7901;6
7910;7
9017;7
9071;9
9107;8
9170;6
9701;7
9710;8
0189;8
0198;11
0819;7
0891;7
0918;7
0981;8
1089;7
1098;11
1809;7
1890;7
1908;8
1980;8
8019;6
8091;7
8109;6
8190;9
8901;7
8910;7
9018;7
9081;8
9108;9
9180;8
9801;8
9810;8
0234;6
0243;9
0324;7
0342;7
0423;6
0432;8
2034;5
2043;5
2304;7
2340;4
2403;7
2430;5
3024;7
3042;6
3204;10
3240;4
3402;7
3420;10
4023;5
4032;5
4203;9
4230;8
4302;6
4320;8
0235;7
0253;7
0325;7
0352;6
0523;7
0532;12
2035;6
2053;4
2305;4
2350;7
2503;6
2530;6
3025;7
3052;5
3205;3
3250;7
3502;7
3520;10
5023;8
5032;6
5203;6
5230;6
5302;7
5320;5
0236;5
0263;6
0326;6
0362;9
0623;5
0632;7
2036;6
2063;5
2306;5
2360;5
2603;6
2630;6
3026;6
3062;5
3206;4
3260;8
3602;8
3620;9
6023;7
6032;6
6203;7
6230;7
6302;8
6320;9
0237;5
0273;7
0327;6
0372;10
0723;6
0732;8
2037;5
2073;6
2307;5
2370;5
2703;7
2730;6
3027;5
3072;5
3207;6
3270;8
3702;9
3720;8
7023;9
7032;6
7203;7
7230;7
7302;9
7320;9
0238;6
0283;8
0328;7
0382;11
0823;7
0832;9
2038;6
2083;7
2308;6
2380;6
2803;8
2830;7
3028;7
3082;6
3208;7
3280;8
3802;10
3820;8
8023;9
8032;7
8203;8
8230;7
8302;10
8320;10
0239;7
0293;9
0329;8
0392;12
0923;8
0932;10
2039;7
2093;8
2309;7
2390;7
2903;9
2930;8
3029;7
3092;7
3209;8
3290;9
3902;11
3920;9
9023;10
9032;8
9203;9
9230;7
9302;11
9320;11
0245;6
0254;7
0425;8
0452;12
0524;8
0542;12
2045;6
2054;6
2405;6
2450;5
2504;7
2540;11
4025;7
4052;7
4205;6
4250;8
4502;4
4520;5
5024;7
5042;10
5204;4
5240;5
5402;5
5420;7
0246;3
0264;5
0426;7
0462;8
0624;9
0642;11
2046;6
2064;6
2406;5
2460;7
2604;9
2640;11
4026;6
4062;6
4206;6
4260;7
4602;8
4620;10
6024;8
6042;8
6204;9
6240;9
6402;10
6420;9
0247;4
0274;6
0427;8
0472;9
0724;10
0742;12
2047;7
2074;6
2407;4
2470;6
2704;8
2740;10
4027;7
4072;7
4207;5
4270;6
4702;7
4720;9
7024;8
7042;8
7204;8
7240;8
7402;9
7420;8
0248;5
0284;7
0428;9
0482;10
0824;11
0842;13
2048;7
2084;6
2408;5
2480;7
2804;9
2840;9
4028;7
4082;5
4208;6
4280;6
4802;8
4820;9
8024;8
8042;8
8204;9
8240;8
8402;10
8420;8
0249;6
0294;8
0429;10
0492;11
0924;12
0942;14
2049;7
2094;7
2409;6
2490;8
2904;10
2940;10
4029;7
4092;6
4209;7
4290;6
4902;9
4920;9
9024;8
9042;8
9204;10
9240;8
9402;11
9420;8
0256;6
0265;8
0526;9
0562;9
0625;12
0652;8
2056;5
2065;8
2506;3
2560;5
2605;7
2650;6
5026;7
5062;8
5206;4
5260;4
5602;6
5620;10
6025;6
6052;10
6205;7
6250;5
6502;7
6520;11
0257;9
0275;7
0527;5
0572;10
0725;11
0752;13
2057;6
2075;8
2507;4
2570;6
2705;6
2750;7
5027;4
5072;8
5207;5
5270;5
5702;7
5720;10
7025;7
7052;6
7205;5
7250;6
7502;8
7520;9
0258;10
0285;9
0528;7
0582;9
0825;16
0852;13
2058;5
2085;7
2508;5
2580;7
2805;6
2850;8
5028;5
5082;7
5208;6
5280;6
5802;8
5820;11
8025;6
8052;8
8205;9
8250;7
8502;9
8520;10
0259;10
0295;9
0529;7
0592;9
0925;16
0952;13
2059;6
2095;8
2509;6
2590;8
2905;7
2950;9
5029;6
5092;8
5209;7
5290;7
5902;9
5920;12
9025;6
9052;9
9205;10
9250;8
9502;10
9520;11
0267;9
0276;5
0627;6
0672;5
0726;11
0762;7
2067;5
2076;8
2607;3
2670;6
2706;4
2760;7
6027;4
6072;6
6207;5
6270;4
6702;8
6720;8
7026;5
7062;7
7206;6
7260;5
7602;9
7620;8
0268;6
0286;7
0628;7
0682;7
0826;12
0862;9
2068;6
2086;9
2608;4
2680;7
2806;5
2860;8
6028;4
6082;6
6208;6
6280;5
6802;9
6820;9
8026;6
8062;7
8206;7
8260;6
8602;10
8620;6
0269;7
0296;8
0629;8
0692;8
0926;12
0962;10
2069;6
2096;10
2609;5
2690;8
2906;6
2960;9
6029;5
6092;7
6209;7
6290;6
6902;10
6920;10
9026;7
9062;8
9206;8
9260;7
9602;11
9620;6
0278;5
0287;5
0728;7
0782;7
0827;9
0872;8
2078;5
2087;8
2708;6
2780;9
2807;7
2870;10
7028;6
7082;6
7208;8
7280;7
7802;11
7820;10
8027;8
8072;7
8207;9
8270;8
8702;12
8720;9
0279;5
0297;6
0729;8
0792;8
0927;10
0972;9
2079;10
2097;5
2709;6
2790;6
2907;7
2970;7
7029;5
7092;7
7209;5
7290;7
7902;10
7920;9
9027;7
9072;7
9207;8
9270;8
9702;11
9720;8
0289;6
0298;8
0829;9
0892;8
0928;11
0982;9
2089;6
2098;10
2809;6
2890;8
2908;5
2980;9
8029;7
8092;7
8209;7
8290;5
8902;10
8920;10
9028;6
9082;8
9208;8
9280;6
9802;11
9820;9
0345;6
0354;8
0435;7
0453;9
0534;9
0543;13
3045;7
3054;7
3405;5
3450;4
3504;6
3540;10
4035;8
4053;6
4305;6
4350;7
4503;6
4530;3
5034;8
5043;9
5304;4
5340;10
5403;7
5430;8
0346;7
0364;8
0436;9
0463;13
0634;9
0643;13
3046;7
3064;5
3406;6
3460;6
3604;10
3640;11
4036;8
4063;8
4306;7
4360;5
4603;7
4630;7
6034;6
6043;13
6304;9
6340;10
6403;9
6430;8
0347;4
0374;6
0437;8
0473;9
0734;10
0743;12
3047;4
3074;9
3407;4
3470;6
3704;8
3740;11
4037;10
4073;8
4307;5
4370;6
4703;6
4730;7
7034;5
7043;11
7304;7
7340;9
7403;10
7430;7
0348;5
0384;7
0438;9
0483;10
0834;11
0843;13
3048;5
3084;9
3408;5
3480;5
3804;9
3840;12
4038;8
4083;6
4308;6
4380;6
4803;7
4830;7
8034;6
8043;12
8304;8
8340;10
8403;10
8430;6
0349;6
0394;8
0439;10
0493;11
0934;12
0943;14
3049;6
3094;8
3409;6
3490;6
3904;10
3940;13
4039;7
4093;7
4309;7
4390;6
4903;7
4930;7
9034;7
9043;13
9304;9
9340;11
9403;11
9430;7
0356;7
0365;9
0536;11
0563;12
0635;13
0653;15
3056;6
3065;8
3506;7
3560;8
3605;6
3650;5
5036;8
5063;8
5306;8
5360;6
5603;6
5630;8
6035;10
6053;10
6305;7
6350;6
6503;9
6530;9
0357;8
0375;8
0537;9
0573;9
0735;7
0753;11
3057;4
3075;8
3507;7
3570;6
3705;6
3750;7
5037;7
5073;7
5307;8
5370;8
5703;7
5730;10
7035;7
7053;7
7305;6
7350;8
7503;8
7530;11
0358;6
0385;6
0538;8
0583;7
0835;10
0853;9
3058;5
3085;9
3508;7
3580;6
3805;7
3850;5
5038;8
5083;8
5308;8
5380;5
5803;8
5830;7
8035;8
8053;8
8305;7
8350;6
8503;9
8530;9
0359;6
0395;8
0539;8
0593;8
0935;10
0953;7
3059;6
3095;10
3509;6
3590;6
3905;8
3950;6
5039;9
5093;9
5309;8
5390;6
5903;9
5930;8
9035;9
9053;9
9305;8
9350;7
9503;10
9530;9
0367;7
0376;7
0637;7
0673;5
0736;8
0763;7
3067;5
3076;7
3607;7
3670;7
3706;7
3760;5
6037;7
6073;7
6307;9
6370;6
6703;8
6730;8
7036;6
7063;8
7306;8
7360;6
7603;5
7630;9
0368;7
0386;7
0638;6
0683;7
0836;8
0863;6
3068;6
3086;6
3608;5
3680;7
3806;8
3860;7
6038;5
6083;8
6308;6
6380;7
6803;5
6830;8
8036;7
8063;6
8306;10
8360;7
8603;6
8630;8
0369;7
0396;7
0639;6
0693;8
0936;8
0963;6
3069;7
3096;7
3609;7
3690;9
3906;8
3960;8
6039;6
6093;9
6309;7
6390;7
6903;6
6930;8
9036;8
9063;7
9306;8
9360;8
9603;7
9630;10
0378;7
0387;7
0738;9
0783;9
0837;7
0873;11
3078;5
3087;7
3708;5
3780;7
3807;6
3870;9
7038;7
7083;6
7308;7
7380;6
7803;7
7830;8
8037;6
8073;8
8307;6
8370;7
8703;8
8730;9
0379;6
0397;10
0739;6
0793;7
0937;6
0973;8
3079;8
3097;5
3709;5
3790;7
3907;6
3970;9
7039;5
7093;7
7309;7
7390;7
7903;7
7930;8
9037;7
9073;8
9307;8
9370;8
9703;8
9730;10
0389;7
0398;8
0839;6
0893;7
0938;10
0983;6
3089;6
3098;9
3809;6
3890;7
3908;5
3980;9
8039;6
8093;7
8309;5
8390;7
8903;7
8930;8
9038;9
9083;7
9308;7
9380;6
9803;12
9830;8
0456;3
0465;6
0546;6
0564;7
0645;3
0654;6
4056;5
4065;7
4506;2
4560;6
4605;4
4650;7
5046;3
5064;3
5406;5
5460;5
5604;7
5640;7
6045;4
6054;6
6405;5
6450;4
6504;9
6540;7
0457;7
0475;7
0547;7
0574;8
0745;5
0754;8
4057;3
4075;8
4507;6
4570;7
4705;5
4750;8
5047;3
5074;4
5407;7
5470;6
5704;4
5740;8
7045;5
7054;7
7405;7
7450;4
7504;5
7540;5
0458;5
0485;6
0548;8
0584;9
0845;7
0854;8
4058;4
4085;9
4508;7
4580;8
4805;6
4850;9
5048;4
5084;5
5408;4
5480;7
5804;5
5840;9
8045;6
8054;8
8405;8
8450;5
8504;6
8540;5
0459;6
0495;7
0549;9
0594;10
0945;8
0954;9
4059;5
4095;10
4509;8
4590;9
4905;7
4950;10
5049;5
5094;6
5409;5
5490;8
5904;6
5940;10
9045;7
9054;9
9405;9
9450;6
9504;7
9540;5
0467;5
0476;8
0647;3
0674;5
0746;11
0764;6
4067;6
4076;10
4607;8
4670;10
4706;6
4760;8
6047;6
6074;5
6407;7
6470;4
6704;6
6740;9
7046;7
7064;7
7406;7
7460;5
7604;5
7640;7
0468;6
0486;7
0648;4
0684;6
0846;9
0864;7
4068;5
4086;9
4608;7
4680;7
4806;5
4860;8
6048;4
6084;5
6408;5
6480;5
6804;7
6840;8
8046;6
8064;6
8406;6
8460;6
8604;8
8640;7
0469;7
0496;8
0649;5
0694;7
0946;10
0964;8
4069;6
4096;10
4609;5
4690;8
4906;6
4960;9
6049;5
6094;6
6409;6
6490;6
6904;6
6940;9
9046;7
9064;7
9406;7
9460;7
9604;7
9640;8
0478;7
0487;7
0748;7
0784;6
0847;7
0874;7
4078;7
4087;9
4708;4
4780;8
4807;6
4870;9
7048;4
7084;5
7408;4
7480;9
7804;6
7840;7
8047;7
8074;6
8407;7
8470;7
8704;7
8740;6
0479;7
0497;7
0749;6
0794;6
0947;9
0974;7
4079;6
4097;10
4709;8
4790;8
4907;6
4970;9
7049;5
7094;6
7409;6
7490;7
7904;7
7940;8
9047;6
9074;7
9407;7
9470;6
9704;7
9740;7
0489;6
0498;7
0849;7
0894;7
0948;6
0984;8
4089;7
4098;10
4809;7
4890;8
4908;7
4980;9
8049;7
8094;6
8409;6
8490;8
8904;11
8940;10
9048;7
9084;6
9408;7
9480;7
9804;7
9840;9
0567;6
0576;8
0657;6
0675;8
0756;12
0765;11
5067;6
5076;11
5607;6
5670;8
5706;6
5760;6
6057;7
6075;9
6507;8
6570;5
6705;9
6750;5
7056;8
7065;9
7506;7
7560;6
7605;10
7650;6
0568;9
0586;8
0658;7
0685;9
0856;13
0865;8
5068;6
5086;11
5608;5
5680;5
5806;6
5860;6
6058;7
6085;9
6508;4
6580;6
6805;9
6850;7
8056;8
8065;9
8506;7
8560;7
8605;10
8650;8
0569;8
0596;7
0659;6
0695;8
0956;12
0965;7
5069;6
5096;11
5609;6
5690;6
5906;7
5960;7
6059;6
6095;7
6509;8
6590;7
6905;11
6950;6
9056;8
9065;9
9506;9
9560;8
9605;12
9650;7
0578;7
0587;9
0758;6
0785;6
0857;7
0875;7
5078;6
5087;7
5708;6
5780;9
5807;8
5870;10
7058;6
7085;7
7508;7
7580;9
7805;10
7850;9
8057;5
8075;8
8507;7
8570;8
8705;10
8750;5
0579;8
0597;10
0759;5
0795;7
0957;9
0975;8
5079;7
5097;8
5709;7
5790;7
5907;9
5970;8
7059;5
7095;6
7509;7
7590;10
7905;12
7950;8
9057;6
9075;7
9507;8
9570;7
9705;9
9750;6
0589;7
0598;7
0859;7
0895;9
0958;8
0985;8
5089;6
5098;7
5809;6
5890;7
5908;8
5980;8
8059;7
8095;8
8509;8
8590;8
8905;8
8950;7
9058;5
9085;6
9508;5
9580;9
9805;11
9850;9
0678;7
0687;9
0768;6
0786;7
0867;12
0876;9
6078;6
6087;7
6708;9
6780;8
6807;5
6870;9
7068;6
7086;7
7608;8
7680;7
7806;6
7860;7
8067;5
8076;5
8607;5
8670;8
8706;8
8760;8
0679;8
0697;7
0769;6
0796;9
0967;10
0976;9
6079;7
6097;7
6709;9
6790;7
6907;6
6970;9
7069;6
7096;10
7609;7
7690;7
7906;9
7960;7
9067;5
9076;6
9607;5
9670;8
9706;9
9760;11
0689;4
0698;6
0869;9
0896;9
0968;8
0986;12
6089;4
6098;5
6809;7
6890;7
6908;6
6980;8
8069;6
8096;8
8609;8
8690;5
8906;5
8960;6
9068;7
9086;10
9608;8
9680;6
9806;6
9860;7
0789;7
0798;9
0879;9
0897;7
0978;6
0987;6
7089;6
7098;7
7809;6
7890;9
7908;8
7980;10
8079;6
8097;7
8709;5
8790;9
8907;7
8970;11
9078;6
9087;7
9708;7
9780;8
9807;9
9870;8
1234;6
1243;6
1324;8
1342;9
1423;8
1432;7
2134;7
2143;8
2314;6
2341;6
2413;6
2431;7
3124;9
3142;11
3214;6
3241;9
3412;5
3421;12
4123;7
4132;9
4213;6
4231;9
4312;8
4321;9
1235;6
1253;8
1325;7
1352;5
1523;8
1532;5
2135;9
2153;7
2315;3
2351;4
2513;6
2531;5
3125;9
3152;11
3215;6
3251;9
3512;5
3521;12
5123;7
5132;7
5213;8
5231;9
5312;6
5321;7
1236;6
1263;8
1326;6
1362;5
1623;6
1632;7
2136;9
2163;7
2316;4
2361;5
2613;6
2631;6
3126;6
3162;9
3216;6
3261;6
3612;6
3621;12
6123;7
6132;7
6213;8
6231;7
6312;7
6321;9
1237;5
1273;7
1327;6
1372;6
1723;6
1732;6
2137;8
2173;6
2317;5
2371;6
2713;7
2731;7
3127;5
3172;9
3217;5
3271;6
3712;7
3721;10
7123;6
7132;7
7213;8
7231;9
7312;8
7321;7
1238;6
1283;8
1328;7
1382;7
1823;7
1832;6
2138;9
2183;6
2318;6
2381;7
2813;8
2831;8
3128;6
3182;10
3218;6
3281;7
3812;8
3821;11
8123;6
8132;8
8213;9
8231;10
8312;9
8321;7
1239;7
1293;9
1329;8
1392;8
1923;8
1932;7
2139;10
2193;7
2319;7
2391;8
2913;9
2931;9
3129;7
3192;11
3219;7
3291;8
3912;9
3921;12
9123;7
9132;9
9213;10
9231;11
9312;10
9321;7
1245;7
1254;9
1425;9
1452;7
1524;10
1542;8
2145;8
2154;7
2415;6
2451;5
2514;6
2541;9
4125;11
4152;9
4215;5
4251;7
4512;7
4521;6
5124;11
5142;13
5214;4
5241;9
5412;6
5421;6
1246;3
1264;5
1426;3
1462;7
1624;6
1642;6
2146;7
2164;8
2416;6
2461;8
2614;10
2641;6
4126;7
4162;6
4216;5
4261;7
4612;7
4621;8
6124;6
6142;13
6214;7
6241;8
6412;8
6421;8
1247;5
1274;5
1427;5
1472;8
1724;6
1742;6
2147;9
2174;7
2417;6
2471;7
2714;8
2741;7
4127;5
4172;5
4217;4
4271;5
4712;7
4721;9
7124;8
7142;9
7214;6
7241;8
7412;6
7421;8
1248;5
1284;6
1428;5
1482;9
1824;7
1842;7
2148;8
2184;8
2418;5
2481;7
2814;7
2841;8
4128;5
4182;6
4218;5
4281;6
4812;8
4821;10
8124;9
8142;14
8214;7
8241;9
8412;7
8421;9
1249;6
1294;7
1429;6
1492;10
1924;8
1942;8
2149;8
2194;9
2419;6
2491;8
2914;8
2941;9
4129;6
4192;7
4219;6
4291;7
4912;9
4921;11
9124;10
9142;14
9214;8
9241;10
9412;8
9421;10
1256;5
1265;6
1526;7
1562;7
1625;7
1652;8
2156;6
2165;10
2516;7
2561;7
2615;6
2651;8
5126;7
5162;7
5216;5
5261;4
5612;5
5621;9
6125;8
6152;8
6215;7
6251;6
6512;9
6521;7
1257;7
1275;9
1527;4
1572;9
1725;9
1752;11
2157;5
2175;6
2517;5
2571;7
2715;5
2751;8
5127;8
5172;6
5217;4
5271;5
5712;6
5721;9
7125;9
7152;7
7215;7
7251;7
7512;9
7521;9
1258;7
1285;9
1528;5
1582;9
1825;9
1852;10
2158;5
2185;7
2518;6
2581;6
2815;6
2851;7
5128;9
5182;7
5218;5
5281;6
5812;7
5821;10
8125;9
8152;8
8215;7
8251;8
8512;7
8521;10
1259;7
1295;9
1529;6
1592;9
1925;10
1952;10
2159;6
2195;8
2519;6
2591;6
2915;7
2951;7
5129;10
5192;8
5219;6
5291;7
5912;8
5921;11
9125;10
9152;9
9215;8
9251;9
9512;8
9521;11
1267;7
1276;6
1627;7
1672;6
1726;7
1762;6
2167;7
2176;7
2617;6
2671;8
2716;7
2761;9
6127;7
6172;10
6217;5
6271;4
6712;6
6721;9
7126;7
7162;6
7216;5
7261;7
7612;12
7621;11
1268;6
1286;7
1628;7
1682;6
1826;5
1862;6
2168;5
2186;8
2618;5
2681;7
2816;4
2861;8
6128;5
6182;8
6218;6
6281;6
6812;7
6821;7
8126;9
8162;7
8216;8
8261;7
8612;10
8621;8
1269;7
1296;8
1629;6
1692;6
1926;5
1962;6
2169;6
2196;9
2619;5
2691;8
2916;6
2961;9
6129;6
6192;9
6219;7
6291;7
6912;8
6921;7
9126;9
9162;8
9216;9
9261;8
9612;11
9621;10
1278;6
1287;6
1728;6
1782;7
1827;6
1872;6
2178;9
2187;7
2718;6
2781;9
2817;7
2871;10
7128;7
7182;9
7218;6
7281;6
7812;7
7821;7
8127;7
8172;9
8217;9
8271;7
8712;7
8721;8
1279;5
1297;7
1729;6
1792;8
1927;7
1972;7
2179;6
2197;9
2719;6
2791;9
2917;7
2971;10
7129;6
7192;9
7219;7
7291;7
7912;7
7921;8
9127;8
9172;8
9217;6
9271;8
9712;7
9721;9
1289;6
1298;7
1829;7
1892;8
1928;6
1982;9
2189;10
2198;7
2819;7
2891;7
2918;7
2981;7
8129;7
8192;7
8219;6
8291;6
8912;6
8921;8
9128;8
9182;10
9218;7
9281;7
9812;7
9821;9
1345;6
1354;8
1435;9
1453;7
1534;11
1543;14
3145;8
3154;7
3415;6
3451;5
3514;7
3541;10
4135;10
4153;8
4315;5
4351;6
4513;6
4531;8
5134;6
5143;12
5314;6
5341;9
5413;6
5431;7
1346;7
1364;7
1436;11
1463;7
1634;8
1643;14
3146;7
3164;7
3416;6
3461;5
3614;7
3641;8
4136;9
4163;8
4316;5
4361;6
4613;6
4631;8
6134;8
6143;13
6314;6
6341;7
6413;7
6431;6
1347;4
1374;6
1437;9
1473;12
1734;8
1743;12
3147;5
3174;8
3417;4
3471;6
3714;8
3741;7
4137;8
4173;7
4317;5
4371;5
4713;5
4731;6
7134;9
7143;11
7314;7
7341;9
7413;7
7431;7
1348;5
1384;7
1438;10
1483;12
1834;9
1843;13
3148;6
3184;9
3418;5
3481;7
3814;9
3841;8
4138;7
4183;9
4318;6
4381;5
4813;6
4831;6
8134;8
8143;12
8314;8
8341;10
8413;7
8431;8
1349;6
1394;8
1439;11
1493;12
1934;10
1943;14
3149;7
3194;8
3419;6
3491;8
3914;10
3941;9
4139;6
4193;10
4319;7
4391;6
4913;7
4931;7
9134;8
9143;13
9314;9
9341;11
9413;8
9431;9
1356;7
1365;9
1536;12
1563;9
1635;11
1653;11
3156;6
3165;8
3516;5
3561;7
3615;6
3651;6
5136;8
5163;6
5316;6
5361;5
5613;6
5631;7
6135;7
6153;10
6315;7
6351;7
6513;7
6531;9
1357;7
1375;8
1537;12
1573;8
1735;10
1753;6
3157;5
3175;5
3517;7
3571;7
3715;5
3751;8
5137;6
5173;9
5317;7
5371;7
5713;6
5731;7
7135;7
7153;11
7315;7
7351;8
7513;7
7531;7
1358;5
1385;6
1538;9
1583;9
1835;8
1853;8
3158;6
3185;7
3518;7
3581;7
3815;6
3851;7
5138;6
5183;6
5318;5
5381;6
5813;7
5831;6
8135;8
8153;12
8315;8
8351;7
8513;8
8531;9
1359;6
1395;7
1539;10
1593;10
1935;9
1953;9
3159;7
3195;8
3519;6
3591;6
3915;7
3951;7
5139;6
5193;7
5319;6
5391;6
5913;8
5931;7
9135;9
9153;13
9315;9
9351;8
9513;9
9531;9
1367;6
1376;7
1637;9
1673;6
1736;8
1763;7
3167;10
3176;12
3617;6
3671;7
3716;4
3761;7
6137;7
6173;9
6317;8
6371;5
6713;8
6731;8
7136;7
7163;7
7316;6
7361;6
7613;9
7631;12
1368;6
1386;6
1638;6
1683;8
1836;8
1863;8
3168;8
3186;7
3618;5
3681;7
3816;4
3861;6
6138;7
6183;9
6318;5
6381;5
6813;6
6831;9
8136;10
8163;8
8316;7
8361;6
8613;7
8631;7
1369;6
1396;8
1639;8
1693;7
1936;8
1963;7
3169;8
3196;7
3619;5
3691;8
3916;7
3961;7
6139;6
6193;8
6319;6
6391;5
6913;6
6931;6
9136;10
9163;7
9316;9
9361;7
9613;8
9631;8
1378;7
1387;7
1738;7
1783;9
1837;7
1873;10
3178;8
3187;9
3718;5
3781;7
3817;7
3871;8
7138;8
7183;9
7318;6
7381;7
7813;8
7831;7
8137;6
8173;8
8317;9
8371;6
8713;9
8731;8
1379;5
1397;7
1739;6
1793;7
1937;7
1973;8
3179;5
3197;9
3719;6
3791;8
3917;9
3971;9
7139;9
7193;8
7319;6
7391;6
7913;9
7931;8
9137;8
9173;8
9317;9
9371;7
9713;11
9731;9
1389;8
1398;8
1839;6
1893;9
1938;7
1983;10
3189;9
3198;10
3819;4
3891;7
3918;5
3981;8
8139;7
8193;7
8319;6
8391;5
8913;6
8931;6
9138;10
9183;10
9318;7
9381;7
9813;7
9831;8
1456;6
1465;5
1546;6
1564;10
1645;6
1654;6
4156;6
4165;5
4516;8
4561;5
4615;7
4651;9
5146;6
5164;5
5416;8
5461;8
5614;5
5641;5
6145;5
6154;6
6415;7
6451;4
6514;8
6541;9
1457;4
1475;7
1547;6
1574;8
1745;4
1754;5
4157;8
4175;5
4517;5
4571;8
4715;7
4751;9
5147;4
5174;7
5417;3
5471;6
5714;5
5741;6
7145;5
7154;5
7415;9
7451;7
7514;5
7541;8
1458;5
1485;8
1548;6
1584;6
1845;5
1854;6
4158;9
4185;6
4518;9
4581;7
4815;10
4851;11
5148;5
5184;8
5418;4
5481;7
5814;6
5841;7
8145;6
8154;6
8415;10
8451;8
8514;7
8541;6
1459;5
1495;9
1549;6
1594;6
1945;6
1954;7
4159;6
4195;6
4519;9
4591;10
4915;7
4951;7
5149;5
5194;9
5419;6
5491;8
5914;6
5941;7
9145;7
9154;6
9415;11
9451;9
9514;7
9541;9
1467;9
1476;9
1647;6
1674;4
1746;6
1764;5
4167;8
4176;12
4617;10
4671;8
4716;10
4761;11
6147;7
6174;5
6417;7
6471;7
6714;9
6741;5
7146;7
7164;6
7416;8
7461;8
7614;10
7641;6
1468;7
1486;7
1648;6
1684;6
1846;9
1864;7
4168;10
4186;7
4618;10
4681;7
4816;9
4861;8
6148;4
6184;6
6418;6
6481;5
6814;7
6841;8
8146;6
8164;7
8416;6
8461;8
8614;9
8641;9
1469;6
1496;8
1649;5
1694;6
1946;8
1964;7
4169;7
4196;7
4619;8
4691;8
4916;8
4961;9
6149;6
6194;6
6419;8
6491;7
6914;8
6941;7
9146;8
9164;7
9416;6
9461;10
9614;8
9641;8
1478;4
1487;5
1748;7
1784;8
1847;6
1874;9
4178;5
4187;5
4718;7
4781;5
4817;7
4871;8
7148;7
7184;6
7418;7
7481;7
7814;3
7841;6
8147;7
8174;5
8417;6
8471;6
8714;5
8741;5
1479;5
1497;4
1749;6
1794;8
1947;8
1974;9
4179;7
4197;9
4719;5
4791;8
4917;8
4971;6
7149;6
7194;6
7419;7
7491;5
7914;7
7941;8
9147;7
9174;6
9417;6
9471;7
9714;7
9741;5
1489;5
1498;6
1849;6
1894;9
1948;8
1984;10
4189;7
4198;8
4819;6
4891;6
4918;11
4981;7
8149;7
8194;7
8419;8
8491;7
8914;8
8941;5
9148;8
9184;6
9418;5
9481;9
9814;7
9841;7
1567;7
1576;6
1657;6
1675;5
1756;7
1765;6
5167;10
5176;7
5617;8
5671;10
5716;9
5761;8
6157;7
6175;6
6517;6
6571;8
6715;7
6751;5
7156;8
7165;6
7516;8
7561;10
7615;8
7651;7
1568;6
1586;7
1658;7
1685;6
1856;6
1865;7
5168;9
5186;8
5618;4
5681;7
5816;8
5861;6
6158;6
6185;7
6518;5
6581;10
6815;7
6851;7
8156;9
8165;9
8516;9
8561;10
8615;9
8651;7
1569;6
1596;8
1659;5
1695;6
1956;8
1965;7
5169;9
5196;8
5619;7
5691;9
5916;8
5961;7
6159;7
6195;7
6519;6
6591;11
6915;6
6951;7
9156;8
9165;7
9516;5
9561;10
9615;11
9651;8
1578;5
1587;6
1758;6
1785;7
1857;8
1875;9
5178;6
5187;6
5718;7
5781;7
5817;6
5871;7
7158;6
7185;9
7518;6
7581;8
7815;5
7851;8
8157;8
8175;7
8517;7
8571;5
8715;10
8751;6
1579;6
1597;5
1759;5
1795;6
1957;5
1975;8
5179;8
5197;7
5719;6
5791;6
5917;6
5971;7
7159;9
7195;7
7519;9
7591;8
7915;8
7951;7
9157;9
9175;9
9517;8
9571;8
9715;4
9751;9
1589;6
1598;7
1859;6
1895;9
1958;7
1985;6
5189;8
5198;8
5819;6
5891;6
5918;8
5981;7
8159;9
8195;8
8519;7
8591;9
8915;10
8951;10
9158;8
9185;10
9518;10
9581;9
9815;8
9851;10
1678;6
1687;7
1768;10
1786;9
1867;10
1876;11
6178;7
6187;6
6718;7
6781;8
6817;7
6871;7
7168;10
7186;10
7618;6
7681;8
7816;5
7861;11
8167;7
8176;8
8617;9
8671;7
8716;8
8761;9
1679;6
1697;6
1769;8
1796;9
1967;8
1976;8
6179;7
6197;7
6719;7
6791;7
6917;8
6971;7
7169;9
7196;10
7619;8
7691;7
7916;8
7961;6
9167;9
9176;8
9617;6
9671;6
9716;7
9761;8
1689;6
1698;6
1869;8
1896;9
1968;7
1986;9
6189;7
6198;7
6819;8
6891;7
6918;7
6981;7
8169;9
8196;7
8619;11
8691;8
8916;10
8961;9
9168;9
9186;8
9618;8
9681;8
9816;10
9861;9
1789;5
1798;9
1879;5
1897;8
1978;4
1987;7
7189;8
7198;7
7819;9
7891;3
7918;7
7981;9
8179;5
8197;8
8719;5
8791;7
8917;6
8971;7
9178;6
9187;6
9718;8
9781;8
9817;6
9871;6
2345;6
2354;7
2435;9
2453;6
2534;10
2543;15
3245;7
3254;6
3425;7
3452;5
3524;13
3542;10
4235;6
4253;8
4325;5
4352;6
4523;6
4532;8
5234;6
5243;12
5324;11
5342;10
5423;7
5432;8
2346;3
2364;7
2436;9
2463;12
2634;12
2643;11
3246;4
3264;6
3426;5
3462;8
3624;11
3642;7
4236;7
4263;8
4326;6
4362;6
4623;7
4632;8
6234;5
6243;10
6324;5
6342;7
6423;8
6432;7
2347;4
2374;7
2437;10
2473;9
2734;9
2743;12
3247;5
3274;7
3427;7
3472;7
3724;5
3742;8
4237;7
4273;6
4327;6
4372;6
4723;6
4732;7
7234;7
7243;11
7324;9
7342;8
7423;7
7432;9
2348;5
2384;7
2438;6
2483;7
2834;9
2843;13
3248;6
3284;7
3428;9
3482;7
3824;6
3842;9
4238;6
4283;9
4328;6
4382;6
4823;8
4832;7
8234;5
8243;12
8324;7
8342;9
8423;8
8432;8
2349;6
2394;6
2439;8
2493;9
2934;10
2943;14
3249;7
3294;7
3429;8
3492;7
3924;9
3942;10
4239;6
4293;9
4329;6
4392;6
4923;8
4932;8
9234;5
9243;13
9324;7
9342;10
9423;8
9432;9
2356;6
2365;7
2536;11
2563;9
2635;9
2653;10
3256;5
3265;4
3526;6
3562;7
3625;5
3652;6
5236;6
5263;9
5326;7
5362;7
5623;7
5632;10
6235;6
6253;10
6325;12
6352;6
6523;9
6532;8
2357;6
2375;7
2537;9
2573;7
2735;12
2753;9
3257;6
3275;7
3527;7
3572;7
3725;8
3752;10
5237;7
5273;7
5327;6
5372;6
5723;6
5732;7
7235;7
7253;9
7325;10
7352;7
7523;7
7532;9
2358;6
2385;6
2538;7
2583;8
2835;8
2853;13
3258;5
3285;6
3528;8
3582;7
3825;7
3852;8
5238;6
5283;10
5328;6
5382;6
5823;9
5832;7
8235;7
8253;9
8325;7
8352;7
8523;8
8532;9
2359;5
2395;6
2539;8
2593;7
2935;9
2953;9
3259;5
3295;7
3529;10
3592;7
3925;8
3952;8
5239;6
5293;10
5329;6
5392;6
5923;8
5932;9
9235;7
9253;8
9325;9
9352;7
9523;8
9532;10
2367;3
2376;5
2637;8
2673;8
2736;7
2763;11
3267;4
3276;4
3627;7
3672;6
3726;9
3762;7
6237;6
6273;8
6327;8
6372;6
6723;5
6732;5
7236;5
7263;10
7326;10
7362;7
7623;6
7632;6
2368;4
2386;6
2638;9
2683;9
2836;8
2863;12
3268;5
3286;6
3628;6
3682;8
3826;9
3862;8
6238;7
6283;7
6328;9
6382;7
6823;5
6832;5
8236;8
8263;11
8326;11
8362;8
8623;6
8632;6
2369;5
2396;7
2639;10
2693;10
2936;9
2963;13
3269;6
3296;5
3629;5
3692;7
3926;8
3962;9
6239;6
6293;6
6329;10
6392;8
6923;5
6932;5
9236;7
9263;12
9326;12
9362;9
9623;6
9632;6
2378;6
2387;8
2738;11
2783;11
2837;10
2873;14
3278;4
3287;5
3728;6
3782;5
3827;7
3872;7
7238;6
7283;7
7328;11
7382;9
7823;5
7832;5
8237;7
8273;9
8327;13
8372;10
8723;6
8732;6
2379;5
2397;7
2739;10
2793;10
2937;9
2973;13
3279;5
3297;6
3729;7
3792;6
3927;7
3972;8
7239;7
7293;8
7329;10
7392;8
7923;6
7932;6
9237;9
9273;10
9327;12
9372;9
9723;7
9732;7
2389;4
2398;6
2839;9
2893;9
2938;8
2983;12
3289;4
3298;5
3829;5
3892;6
3928;6
3982;8
8239;7
8293;6
8329;9
8392;7
8923;5
8932;5
9238;8
9283;9
9328;11
9382;8
9823;6
9832;6
2456;6
2465;6
2546;7
2564;8
2645;7
2654;6
4256;6
4265;8
4526;12
4562;9
4625;5
4652;9
5246;6
5264;6
5426;7
5462;9
5624;9
5642;10
6245;6
6254;7
6425;7
6452;9
6524;9
6542;10
2457;6
2475;8
2547;5
2574;5
2745;6
2754;7
4257;3
4275;5
4527;10
4572;8
4725;9
4752;8
5247;7
5274;7
5427;8
5472;11
5724;9
5742;8
7245;5
7254;6
7425;9
7452;9
7524;9
7542;6
2458;6
2485;6
2548;4
2584;6
2845;7
2854;7
4258;7
4285;5
4528;4
4582;8
4825;11
4852;8
5248;5
5284;7
5428;4
5482;10
5824;7
5842;8
8245;8
8254;8
8425;7
8452;9
8524;8
8542;7
2459;7
2495;7
2549;5
2594;7
2945;7
2954;7
4259;8
4295;6
4529;5
4592;6
4925;12
4952;9
5249;7
5294;7
5429;5
5492;11
5924;8
5942;8
9245;6
9254;8
9425;8
9452;10
9524;9
9542;8
2467;8
2476;8
2647;7
2674;5
2746;6
2764;6
4267;7
4276;8
4627;11
4672;10
4726;13
4762;7
6247;6
6274;7
6427;7
6472;9
6724;11
6742;8
7246;8
7264;8
7426;7
7462;8
7624;5
7642;9
2468;6
2486;9
2648;5
2684;5
2846;7
2864;6
4268;6
4286;8
4628;8
4682;11
4826;10
4862;11
6248;4
6284;6
6428;7
6482;8
6824;4
6842;7
8246;8
8264;7
8426;8
8462;6
8624;9
8642;8
2469;6
2496;6
2649;6
2694;6
2946;7
2964;7
4269;10
4296;8
4629;9
4692;11
4926;7
4962;8
6249;5
6294;7
6429;6
6492;9
6924;8
6942;8
9246;9
9264;8
9426;7
9462;7
9624;8
9642;9
2478;6
2487;7
2748;6
2784;8
2847;9
2874;7
4278;6
4287;7
4728;7
4782;9
4827;11
4872;11
7248;6
7284;8
7428;7
7482;11
7824;9
7842;10
8247;7
8274;8
8427;8
8472;10
8724;6
8742;5
2479;6
2497;6
2749;6
2794;7
2947;7
2974;7
4279;6
4297;7
4729;8
4792;9
4927;7
4972;8
7249;5
7294;7
7429;8
7492;9
7924;6
7942;8
9247;7
9274;9
9427;10
9472;7
9724;8
9742;8
2489;5
2498;5
2849;7
2894;7
2948;8
2984;8
4289;7
4298;7
4829;9
4892;8
4928;7
4982;9
8249;4
8294;7
8429;7
8492;7
8924;10
8942;6
9248;7
9284;9
9428;11
9482;6
9824;8
9842;8
2567;6
2576;7
2657;6
2675;6
2756;10
2765;8
5267;8
5276;7
5627;7
5672;11
5726;7
5762;8
6257;6
6275;7
6527;8
6572;8
6725;10
6752;7
7256;9
7265;10
7526;9
7562;10
7625;9
7652;7
2568;6
2586;7
2658;6
2685;5
2856;7
2865;6
5268;8
5286;10
5628;8
5682;6
5826;8
5862;6
6258;6
6285;8
6528;13
6582;10
6825;6
6852;9
8256;8
8265;9
8526;10
8562;9
8625;6
8652;7
2569;5
2596;6
2659;6
2695;7
2956;7
2965;8
5269;8
5296;6
5629;6
5692;8
5926;7
5962;7
6259;6
6295;8
6529;10
6592;10
6925;9
6952;9
9256;8
9265;8
9526;7
9562;9
9625;6
9652;9
2578;5
2587;7
2758;5
2785;6
2857;7
2875;10
5278;6
5287;8
5728;6
5782;7
5827;10
5872;7
7258;9
7285;10
7528;11
7582;12
7825;11
7852;9
8257;5
8275;9
8527;9
8572;10
8725;7
8752;8
2579;5
2597;9
2759;5
2795;5
2957;8
2975;7
5279;6
5297;6
5729;8
5792;6
5927;10
5972;6
7259;9
7295;8
7529;7
7592;9
7925;6
7952;8
9257;4
9275;8
9527;10
9572;8
9725;6
9752;9
2589;5
2598;6
2859;6
2895;7
2958;7
2985;7
5289;6
5298;9
5829;8
5892;6
5928;5
5982;7
8259;7
8295;9
8529;6
8592;8
8925;8
8952;8
9258;5
9285;10
9528;9
9582;11
9825;9
9852;11
2678;6
2687;7
2768;8
2786;11
2867;9
2876;12
6278;7
6287;7
6728;9
6782;7
6827;8
6872;8
7268;8
7286;8
7628;11
7682;8
7826;5
7862;7
8267;8
8276;7
8627;7
8672;11
8726;5
8762;8
2679;5
2697;7
2769;7
2796;8
2967;10
2976;10
6279;7
6297;8
6729;6
6792;6
6927;11
6972;8
7269;10
7296;11
7629;9
7692;7
7926;6
7962;7
9267;9
9276;10
9627;4
9672;11
9726;6
9762;9
2689;6
2698;7
2869;7
2896;7
2968;9
2986;10
6289;5
6298;7
6829;8
6892;6
6928;10
6982;8
8269;7
8296;7
8629;7
8692;8
8926;5
8962;7
9268;9
9286;9
9628;5
9682;10
9826;9
9862;9
2789;5
2798;5
2879;6
2897;6
2978;5
2987;6
7289;4
7298;6
7829;10
7892;9
7928;10
7982;9
8279;7
8297;7
8729;7
8792;7
8927;7
8972;7
9278;4
9287;6
9728;7
9782;7
9827;7
9872;7
3456;7
3465;6
3546;7
3564;9
3645;7
3654;6
4356;8
4365;8
4536;10
4563;8
4635;10
4653;10
5346;7
5364;8
5436;10
5463;10
5634;8
5643;12
6345;8
6354;7
6435;5
6453;8
6534;6
6543;11
3457;6
3475;7
3547;6
3574;8
3745;6
3754;7
4357;8
4375;7
4537;10
4573;8
4735;9
4753;10
5347;8
5374;7
5437;9
5473;12
5734;5
5743;11
7345;7
7354;8
7435;11
7453;10
7534;8
7543;9
3458;6
3485;7
3548;6
3584;6
3845;7
3854;6
4358;5
4385;7
4538;10
4583;10
4835;9
4853;10
5348;7
5384;7
5438;10
5483;12
5834;8
5843;11
8345;8
8354;7
8435;10
8453;10
8534;10
8543;9
3459;7
3495;7
3549;6
3594;6
3945;7
3954;6
4359;9
4395;7
4539;11
4593;10
4935;8
4953;12
5349;8
5394;7
5439;9
5493;11
5934;5
5943;8
9345;8
9354;7
9435;10
9453;11
9534;7
9543;10
3467;9
3476;8
3647;8
3674;6
3746;7
3764;8
4367;10
4376;8
4637;12
4673;11
4736;10
4763;14
6347;7
6374;7
6437;10
6473;11
6734;9
6743;8
7346;6
7364;9
7436;11
7463;8
7634;12
7643;7
3468;7
3486;5
3648;7
3684;7
3846;7
3864;6
4368;8
4386;6
4638;10
4683;9
4836;7
4863;11
6348;8
6384;8
6438;12
6483;11
6834;9
6843;11
8346;7
8364;7
8436;7
8463;8
8634;10
8643;6
3469;7
3496;6
3649;6
3694;7
3946;8
3964;6
4369;8
4396;6
4639;7
4693;10
4936;6
4963;9
6349;5
6394;7
6439;10
6493;9
6934;8
6943;9
9346;8
9364;7
9436;8
9463;8
9634;10
9643;8
3478;6
3487;7
3748;6
3784;8
3847;9
3874;7
4378;6
4387;7
4738;5
4783;10
4837;6
4873;10
7348;10
7384;8
7438;6
7483;10
7834;9
7843;8
8347;7
8374;9
8437;10
8473;9
8734;9
8743;8
3479;7
3497;7
3749;8
3794;8
3947;10
3974;7
4379;7
4397;7
4739;10
4793;9
4937;11
4973;8
7349;7
7394;7
7439;10
7493;11
7934;8
7943;10
9347;7
9374;7
9437;6
9473;10
9734;8
9743;9
3489;6
3498;6
3849;7
3894;7
3948;9
3984;8
4389;8
4398;7
4839;9
4893;9
4938;12
4983;10
8349;6
8394;7
8439;10
8493;11
8934;8
8943;11
9348;7
9384;7
9438;5
9483;11
9834;8
9843;13
3567;6
3576;6
3657;7
3675;6
3756;8
3765;7
5367;9
5376;8
5637;11
5673;11
5736;10
5763;8
6357;7
6375;8
6537;11
6573;11
6735;5
6753;9
7356;8
7365;9
7536;9
7563;13
7635;11
7653;10
3568;7
3586;7
3658;6
3685;6
3856;7
3865;7
5368;8
5386;8
5638;7
5683;10
5836;7
5863;8
6358;8
6385;8
6538;11
6583;13
6835;9
6853;11
8356;9
8365;8
8536;7
8563;14
8635;5
8653;9
3569;7
3596;8
3659;6
3695;7
3956;7
3965;8
5369;9
5396;7
5639;6
5693;10
5936;8
5963;8
6359;6
6395;9
6539;11
6593;9
6935;6
6953;7
9356;9
9365;7
9536;11
9563;13
9635;5
9653;10
3578;5
3587;7
3758;7
3785;7
3857;7
3875;8
5378;6
5387;8
5738;8
5783;10
5837;9
5873;9
7358;10
7385;9
7538;9
7583;11
7835;10
7853;9
8357;7
8375;8
8537;9
8573;14
8735;8
8753;8
3579;7
3597;7
3759;7
3795;6
3957;10
3975;8
5379;6
5397;7
5739;9
5793;10
5937;9
5973;7
7359;6
7395;7
7539;10
7593;10
7935;7
7953;9
9357;6
9375;10
9537;12
9573;13
9735;11
9753;11
3589;5
3598;7
3859;7
3895;8
3958;6
3985;8
5389;6
5398;7
5839;10
5893;11
5938;9
5983;9
8359;8
8395;10
8539;10
8593;8
8935;5
8953;8
9358;11
9385;9
9538;9
9583;9
9835;7
9853;8
3678;6
3687;8
3768;8
3786;9
3867;9
3876;12
6378;7
6387;7
6738;9
6783;9
6837;8
6873;9
7368;9
7386;8
7638;10
7683;7
7836;8
7863;8
8367;8
8376;9
8637;9
8673;13
8736;9
8763;10
3679;7
3697;7
3769;8
3796;7
3967;9
3976;8
6379;9
6397;8
6739;10
6793;8
6937;9
6973;10
7369;8
7396;7
7639;11
7693;11
7936;7
7963;7
9367;7
9376;8
9637;8
9673;12
9736;9
9763;9
3689;5
3698;7
3869;9
3896;10
3968;8
3986;8
6389;6
6398;6
6839;8
6893;7
6938;7
6983;9
8369;8
8396;7
8639;9
8693;9
8936;7
8963;8
9368;8
9386;11
9638;9
9683;9
9836;8
9863;10
3789;5
3798;5
3879;6
3897;7
3978;5
3987;7
7389;8
7398;6
7839;10
7893;9
7938;8
7983;9
8379;6
8397;8
8739;6
8793;10
8937;6
8973;11
9378;7
9387;7
9738;8
9783;8
9837;7
9873;8
4567;2
4576;4
4657;6
4675;7
4756;8
4765;10
5467;3
5476;3
5647;6
5674;6
5746;8
5764;6
6457;4
6475;7
6547;7
6574;7
6745;4
6754;6
7456;5
7465;9
7546;9
7564;8
7645;5
7654;5
4568;3
4586;5
4658;7
4685;8
4856;9
4865;11
5468;4
5486;5
5648;3
5684;5
5846;6
5864;7
6458;4
6485;4
6548;8
6584;8
6845;6
6854;5
8456;6
8465;10
8546;10
8564;9
8645;7
8654;7
4569;4
4596;6
4659;8
4695;9
4956;10
4965;12
5469;5
5496;6
5649;4
5694;6
5946;7
5964;8
6459;4
6495;5
6549;9
6594;9
6945;7
6954;6
9456;7
9465;11
9546;11
9564;10
9645;8
9654;8
4578;6
4587;8
4758;12
4785;10
4857;11
4875;10
5478;6
5487;6
5748;8
5784;6
5847;8
5874;8
7458;6
7485;8
7548;12
7584;10
7845;8
7854;6
8457;6
8475;7
8547;12
8574;11
8745;7
8754;9
4579;5
4597;7
4759;11
4795;9
4957;10
4975;9
5479;5
5497;10
5749;7
5794;5
5947;5
5974;7
7459;5
7495;6
7549;11
7594;9
7945;7
7954;8
9457;6
9475;6
9547;11
9574;10
9745;6
9754;7
4589;4
4598;6
4859;10
4895;8
4958;9
4985;8
5489;5
5498;6
5849;5
5894;8
5948;7
5984;10
8459;8
8495;7
8549;10
8594;8
8945;4
8954;7
9458;7
9485;4
9548;10
9584;9
9845;6
9854;6
4678;7
4687;10
4768;8
4786;8
4867;7
4876;9
6478;6
6487;6
6748;8
6784;5
6847;8
6874;6
7468;8
7486;7
7648;11
7684;5
7846;8
7864;11
8467;6
8476;6
8647;10
8674;9
8746;7
8764;9
4679;6
4697;9
4769;7
4796;7
4967;6
4976;8
6479;5
6497;9
6749;7
6794;4
6947;8
6974;6
7469;7
7496;7
7649;10
7694;4
7946;7
7964;10
9467;5
9476;5
9647;6
9674;8
9746;6
9764;8
4689;5
4698;5
4869;6
4896;9
4968;10
4986;9
6489;6
6498;8
6849;6
6894;7
6948;8
6984;8
8469;10
8496;8
8649;5
8694;7
8946;9
8964;8
9468;7
9486;7
9648;7
9684;8
9846;8
9864;7
4789;6
4798;6
4879;5
4897;7
4978;11
4987;10
7489;4
7498;5
7849;6
7894;8
7948;6
7984;9
8479;7
8497;10
8749;10
8794;6
8947;5
8974;3
9478;6
9487;8
9748;5
9784;8
9847;8
9874;7
5678;7
5687;7
5768;9
5786;10
5867;9
5876;8
6578;8
6587;9
6758;7
6785;7
6857;7
6875;8
7568;10
7586;12
7658;7
7685;10
7856;6
7865;13
8567;8
8576;10
8657;7
8675;10
8756;9
8765;10
5679;6
5697;8
5769;8
5796;9
5967;8
5976;7
6579;7
6597;8
6759;6
6795;6
6957;6
6975;7
7569;9
7596;11
7659;6
7695;9
7956;6
7965;12
9567;7
9576;9
9657;8
9675;9
9756;9
9765;9
5689;4
5698;6
5869;8
5896;6
5968;12
5986;7
6589;8
6598;7
6859;7
6895;5
6958;6
6985;7
8569;8
8596;11
8659;8
8695;8
8956;6
8965;10
9568;7
9586;9
9658;5
9685;8
9856;6
9865;9
5789;6
5798;5
5879;7
5897;8
5978;10
5987;13
7589;8
7598;6
7859;6
7895;6
7958;6
7985;9
8579;7
8597;10
8759;10
8795;9
8957;7
8975;9
9578;6
9587;8
9758;5
9785;9
9857;8
9875;8
6789;6
6798;6
6879;11
6897;7
6978;9
6987;12
7689;5
7698;5
7869;6
7896;7
7968;10
7986;9
8679;8
8697;9
8769;9
8796;8
8967;6
8976;7
9678;7
9687;10
9768;5
9786;8
9867;8
9876;7
